"y","x"
202,1
202,2
201,3
201,4
201,5
201,6
198,7
198,8
203,9
203,10
202,11
202,12
198,13
198,14
198,15
198,16
202,17
202,18
201,19
201,20
194,21
194,22
201,23
201,24
210,25
210,26
203,27
203,28
197,29
197,30
201,31
201,32
204,33
204,34
199,35
199,36
191,37
191,38
197,39
197,40
201,41
201,42
196,43
196,44
196,45
196,46
204,47
204,48
201,49
201,50
194,51
194,52
197,53
197,54
201,55
201,56
199,57
199,58
199,59
199,60
199,61
199,62
199,63
199,64
201,65
201,66
199,67
199,68
195,69
195,70
195,71
195,72
201,73
201,74
198,75
198,76
194,77
194,78
196,79
196,80
199,81
199,82
199,83
199,84
198,85
198,86
197,87
197,88
197,89
197,90
199,91
199,92
200,93
200,94
198,95
198,96
197,97
197,98
194,99
194,100
200,101
200,102
205,103
205,104
195,105
195,106
196,107
196,108
202,109
202,110
203,111
203,112
201,113
201,114
197,115
197,116
196,117
196,118
199,119
199,120
196,121
196,122
197,123
197,124
204,125
204,126
202,127
202,128
197,129
197,130
197,131
197,132
200,133
200,134
202,135
202,136
197,137
197,138
196,139
196,140
199,141
199,142
201,143
201,144
197,145
197,146
196,147
196,148
198,149
198,150
198,151
198,152
199,153
199,154
195,155
195,156
196,157
196,158
198,159
198,160
202,161
202,162
194,163
194,164
198,165
198,166
200,167
200,168
194,169
194,170
193,171
193,172
199,173
199,174
200,175
200,176
198,177
198,178
198,179
198,180
196,181
196,182
198,183
198,184
199,185
199,186
198,187
198,188
195,189
195,190
198,191
198,192
196,193
196,194
196,195
196,196
198,197
198,198
199,199
199,200
203,201
203,202
202,203
202,204
195,205
195,206
195,207
195,208
196,209
196,210
198,211
198,212
196,213
196,214
195,215
195,216
195,217
195,218
199,219
199,220
201,221
201,222
200,223
200,224
199,225
199,226
195,227
195,228
199,229
199,230
204,231
204,232
197,233
197,234
194,235
194,236
202,237
202,238
200,239
200,240
192,241
192,242
199,243
199,244
201,245
201,246
195,247
195,248
198,249
198,250
195,251
195,252
198,253
198,254
196,255
196,256
196,257
196,258
199,259
199,260
197,261
197,262
192,263
192,264
200,265
200,266
203,267
203,268
195,269
195,270
196,271
196,272
204,273
204,274
203,275
203,276
196,277
196,278
196,279
196,280
199,281
199,282
196,283
196,284
189,285
189,286
197,287
197,288
203,289
203,290
196,291
196,292
193,293
193,294
196,295
196,296
199,297
199,298
199,299
199,300
200,301
200,302
198,303
198,304
194,305
194,306
196,307
196,308
199,309
199,310
199,311
199,312
193,313
193,314
196,315
196,316
201,317
201,318
199,319
199,320
197,321
197,322
196,323
196,324
201,325
201,326
204,327
204,328
196,329
196,330
193,331
193,332
199,333
199,334
198,335
198,336
193,337
193,338
189,339
189,340
198,341
198,342
202,343
202,344
194,345
194,346
193,347
193,348
199,349
199,350
196,351
196,352
197,353
197,354
200,355
200,356
199,357
199,358
197,359
197,360
196,361
196,362
200,363
200,364
200,365
200,366
192,367
192,368
190,369
190,370
195,371
195,372
195,373
195,374
194,375
194,376
195,377
195,378
199,379
199,380
198,381
198,382
194,383
194,384
198,385
198,386
200,387
200,388
197,389
197,390
190,391
190,392
198,393
198,394
198,395
198,396
195,397
195,398
195,399
195,400
200,401
200,402
198,403
198,404
192,405
192,406
198,407
198,408
203,409
203,410
200,411
200,412
197,413
197,414
197,415
197,416
197,417
197,418
196,419
196,420
198,421
198,422
197,423
197,424
198,425
198,426
198,427
198,428
195,429
195,430
194,431
194,432
196,433
196,434
197,435
197,436
199,437
199,438
199,439
199,440
192,441
192,442
193,443
193,444
198,445
198,446
198,447
198,448
192,449
192,450
197,451
197,452
198,453
198,454
197,455
197,456
207,457
207,458
220,459
220,460
226,461
226,462
236,463
236,464
253,465
253,466
265,467
265,468
284,469
284,470
312,471
312,472
338,473
338,474
365,475
365,476
410,477
410,478
465,479
465,480
513,481
513,482
510,483
510,484
494,485
494,486
504,487
504,488
510,489
510,490
497,491
497,492
492,493
492,494
502,495
502,496
503,497
503,498
490,499
490,500
493,501
493,502
501,503
501,504
496,505
496,506
489,507
489,508
497,509
497,510
499,511
499,512
495,513
495,514
491,515
491,516
494,517
494,518
494,519
494,520
490,521
490,522
491,523
491,524
492,525
492,526
494,527
494,528
492,529
492,530
495,531
495,532
494,533
494,534
490,535
490,536
494,537
494,538
492,539
492,540
492,541
492,542
493,543
493,544
491,545
491,546
488,547
488,548
491,549
491,550
491,551
491,552
490,553
490,554
496,555
496,556
493,557
493,558
490,559
490,560
493,561
493,562
493,563
493,564
492,565
492,566
490,567
490,568
487,569
487,570
487,571
487,572
493,573
493,574
487,575
487,576
487,577
487,578
492,579
492,580
496,581
496,582
487,583
487,584
486,585
486,586
494,587
494,588
493,589
493,590
485,591
485,592
485,593
485,594
488,595
488,596
489,597
489,598
487,599
487,600
485,601
485,602
486,603
486,604
488,605
488,606
484,607
484,608
481,609
481,610
490,611
490,612
492,613
492,614
484,615
484,616
481,617
481,618
486,619
486,620
492,621
492,622
485,623
485,624
484,625
484,626
486,627
486,628
484,629
484,630
482,631
482,632
485,633
485,634
489,635
489,636
489,637
489,638
483,639
483,640
484,641
484,642
488,643
488,644
484,645
484,646
481,647
481,648
489,649
489,650
486,651
486,652
479,653
479,654
481,655
481,656
484,657
484,658
484,659
484,660
481,661
481,662
486,663
486,664
487,665
487,666
486,667
486,668
483,669
483,670
480,671
480,672
487,673
487,674
488,675
488,676
482,677
482,678
478,679
478,680
482,681
482,682
484,683
484,684
485,685
485,686
483,687
483,688
482,689
482,690
479,691
479,692
484,693
484,694
488,695
488,696
482,697
482,698
477,699
477,700
480,701
480,702
486,703
486,704
484,705
484,706
476,707
476,708
480,709
480,710
486,711
486,712
480,713
480,714
477,715
477,716
481,717
481,718
478,719
478,720
481,721
481,722
481,723
481,724
479,725
479,726
481,727
481,728
480,729
480,730
480,731
480,732
475,733
475,734
479,735
479,736
482,737
482,738
479,739
479,740
478,741
478,742
482,743
482,744
482,745
482,746
475,747
475,748
475,749
475,750
480,751
480,752
480,753
480,754
481,755
481,756
479,757
479,758
476,759
476,760
477,761
477,762
479,763
479,764
479,765
479,766
477,767
477,768
477,769
477,770
477,771
477,772
480,773
480,774
479,775
479,776
472,777
472,778
474,779
474,780
482,781
482,782
474,783
474,784
469,785
469,786
477,787
477,788
479,789
479,790
473,791
473,792
475,793
475,794
477,795
477,796
476,797
476,798
481,799
481,800
475,801
475,802
471,803
471,804
475,805
475,806
480,807
480,808
475,809
475,810
472,811
472,812
473,813
473,814
476,815
476,816
478,817
478,818
476,819
476,820
477,821
477,822
475,823
475,824
469,825
469,826
475,827
475,828
478,829
478,830
474,831
474,832
472,833
472,834
472,835
472,836
474,837
474,838
473,839
473,840
472,841
472,842
476,843
476,844
475,845
475,846
476,847
476,848
475,849
475,850
474,851
474,852
470,853
470,854
470,855
470,856
475,857
475,858
471,859
471,860
465,861
465,862
468,863
468,864
475,865
475,866
474,867
474,868
472,869
472,870
472,871
472,872
471,873
471,874
471,875
471,876
471,877
471,878
476,879
476,880
470,881
470,882
464,883
464,884
471,885
471,886
472,887
472,888
466,889
466,890
471,891
471,892
474,893
474,894
472,895
472,896
472,897
472,898
475,899
475,900
474,901
474,902
471,903
471,904
471,905
471,906
471,907
471,908
469,909
469,910
477,911
477,912
474,913
474,914
466,915
466,916
469,917
469,918
473,919
473,920
468,921
468,922
467,923
467,924
471,925
471,926
471,927
471,928
472,929
472,930
468,931
468,932
467,933
467,934
468,935
468,936
474,937
474,938
471,939
471,940
469,941
469,942
470,943
470,944
467,945
467,946
465,947
465,948
467,949
467,950
467,951
467,952
467,953
467,954
464,955
464,956
463,957
463,958
469,959
469,960
468,961
468,962
469,963
469,964
466,965
466,966
464,967
464,968
466,969
466,970
471,971
471,972
468,973
468,974
465,975
465,976
462,977
462,978
465,979
465,980
469,981
469,982
465,983
465,984
462,985
462,986
464,987
464,988
468,989
468,990
464,991
464,992
462,993
462,994
458,995
458,996
470,997
470,998
474,999
474,1000
461,1001
461,1002
460,1003
460,1004
468,1005
468,1006
463,1007
463,1008
459,1009
459,1010
464,1011
464,1012
462,1013
462,1014
460,1015
460,1016
463,1017
463,1018
465,1019
465,1020
464,1021
464,1022
460,1023
460,1024
462,1025
462,1026
466,1027
466,1028
466,1029
466,1030
460,1031
460,1032
461,1033
461,1034
466,1035
466,1036
462,1037
462,1038
460,1039
460,1040
464,1041
464,1042
462,1043
462,1044
458,1045
458,1046
460,1047
460,1048
465,1049
465,1050
464,1051
464,1052
457,1053
457,1054
454,1055
454,1056
459,1057
459,1058
464,1059
464,1060
462,1061
462,1062
460,1063
460,1064
460,1065
460,1066
463,1067
463,1068
460,1069
460,1070
456,1071
456,1072
462,1073
462,1074
462,1075
462,1076
456,1077
456,1078
463,1079
463,1080
461,1081
461,1082
455,1083
455,1084
458,1085
458,1086
461,1087
461,1088
458,1089
458,1090
459,1091
459,1092
458,1093
458,1094
459,1095
459,1096
461,1097
461,1098
462,1099
462,1100
456,1101
456,1102
458,1103
458,1104
463,1105
463,1106
458,1107
458,1108
456,1109
456,1110
460,1111
460,1112
460,1113
460,1114
461,1115
461,1116
458,1117
458,1118
457,1119
457,1120
455,1121
455,1122
460,1123
460,1124
462,1125
462,1126
460,1127
460,1128
457,1129
457,1130
456,1131
456,1132
458,1133
458,1134
458,1135
458,1136
458,1137
458,1138
454,1139
454,1140
455,1141
455,1142
456,1143
456,1144
452,1145
452,1146
453,1147
453,1148
455,1149
455,1150
454,1151
454,1152
456,1153
456,1154
455,1155
455,1156
455,1157
455,1158
454,1159
454,1160
460,1161
460,1162
456,1163
456,1164
454,1165
454,1166
455,1167
455,1168
453,1169
453,1170
453,1171
453,1172
458,1173
458,1174
461,1175
461,1176
453,1177
453,1178
451,1179
451,1180
456,1181
456,1182
456,1183
456,1184
457,1185
457,1186
456,1187
456,1188
455,1189
455,1190
452,1191
452,1192
457,1193
457,1194
461,1195
461,1196
449,1197
449,1198
445,1199
445,1200
454,1201
454,1202
463,1203
463,1204
455,1205
455,1206
449,1207
449,1208
453,1209
453,1210
455,1211
455,1212
450,1213
450,1214
450,1215
450,1216
455,1217
455,1218
457,1219
457,1220
457,1221
457,1222
452,1223
452,1224
449,1225
449,1226
454,1227
454,1228
452,1229
452,1230
447,1231
447,1232
450,1233
450,1234
450,1235
450,1236
453,1237
453,1238
450,1239
450,1240
453,1241
453,1242
453,1243
453,1244
449,1245
449,1246
448,1247
448,1248
451,1249
451,1250
451,1251
451,1252
449,1253
449,1254
453,1255
453,1256
449,1257
449,1258
449,1259
449,1260
449,1261
449,1262
452,1263
452,1264
453,1265
453,1266
450,1267
450,1268
449,1269
449,1270
450,1271
450,1272
451,1273
451,1274
449,1275
449,1276
451,1277
451,1278
455,1279
455,1280
452,1281
452,1282
446,1283
446,1284
448,1285
448,1286
454,1287
454,1288
447,1289
447,1290
442,1291
442,1292
450,1293
450,1294
452,1295
452,1296
446,1297
446,1298
451,1299
451,1300
451,1301
451,1302
448,1303
448,1304
444,1305
444,1306
442,1307
442,1308
449,1309
449,1310
451,1311
451,1312
445,1313
445,1314
449,1315
449,1316
451,1317
451,1318
445,1319
445,1320
446,1321
446,1322
451,1323
451,1324
448,1325
448,1326
445,1327
445,1328
446,1329
446,1330
446,1331
446,1332
446,1333
446,1334
449,1335
449,1336
451,1337
451,1338
445,1339
445,1340
441,1341
441,1342
449,1343
449,1344
450,1345
450,1346
443,1347
443,1348
444,1349
444,1350
451,1351
451,1352
447,1353
447,1354
443,1355
443,1356
443,1357
443,1358
446,1359
446,1360
445,1361
445,1362
443,1363
443,1364
449,1365
449,1366
450,1367
450,1368
444,1369
444,1370
442,1371
442,1372
448,1373
448,1374
443,1375
443,1376
442,1377
442,1378
444,1379
444,1380
449,1381
449,1382
445,1383
445,1384
441,1385
441,1386
444,1387
444,1388
448,1389
448,1390
442,1391
442,1392
440,1393
440,1394
445,1395
445,1396
443,1397
443,1398
441,1399
441,1400
441,1401
441,1402
444,1403
444,1404
444,1405
444,1406
440,1407
440,1408
441,1409
441,1410
449,1411
449,1412
445,1413
445,1414
438,1415
438,1416
441,1417
441,1418
443,1419
443,1420
441,1421
441,1422
440,1423
440,1424
439,1425
439,1426
441,1427
441,1428
441,1429
441,1430
443,1431
443,1432
442,1433
442,1434
440,1435
440,1436
442,1437
442,1438
447,1439
447,1440
444,1441
444,1442
435,1443
435,1444
438,1445
438,1446
442,1447
442,1448
443,1449
443,1450
434,1451
434,1452
439,1453
439,1454
446,1455
446,1456
439,1457
439,1458
436,1459
436,1460
438,1461
438,1462
440,1463
440,1464
440,1465
440,1466
437,1467
437,1468
442,1469
442,1470
441,1471
441,1472
438,1473
438,1474
442,1475
442,1476
444,1477
444,1478
442,1479
442,1480
439,1481
439,1482
439,1483
439,1484
443,1485
443,1486
438,1487
438,1488
437,1489
437,1490
443,1491
443,1492
441,1493
441,1494
434,1495
434,1496
436,1497
436,1498
439,1499
439,1500
439,1501
439,1502
430,1503
430,1504
434,1505
434,1506
441,1507
441,1508
436,1509
436,1510
434,1511
434,1512
440,1513
440,1514
436,1515
436,1516
433,1517
433,1518
437,1519
437,1520
434,1521
434,1522
433,1523
433,1524
438,1525
438,1526
437,1527
437,1528
436,1529
436,1530
438,1531
438,1532
436,1533
436,1534
433,1535
433,1536
436,1537
436,1538
439,1539
439,1540
435,1541
435,1542
430,1543
430,1544
436,1545
436,1546
441,1547
441,1548
441,1549
441,1550
434,1551
434,1552
427,1553
427,1554
432,1555
432,1556
438,1557
438,1558
434,1559
434,1560
433,1561
433,1562
433,1563
433,1564
436,1565
436,1566
436,1567
436,1568
433,1569
433,1570
433,1571
433,1572
435,1573
435,1574
436,1575
436,1576
436,1577
436,1578
433,1579
433,1580
430,1581
430,1582
436,1583
436,1584
435,1585
435,1586
430,1587
430,1588
433,1589
433,1590
434,1591
434,1592
430,1593
430,1594
432,1595
432,1596
436,1597
436,1598
435,1599
435,1600
431,1601
431,1602
435,1603
435,1604
436,1605
436,1606
430,1607
430,1608
429,1609
429,1610
430,1611
430,1612
437,1613
437,1614
432,1615
432,1616
429,1617
429,1618
430,1619
430,1620
430,1621
430,1622
430,1623
430,1624
432,1625
432,1626
434,1627
434,1628
430,1629
430,1630
429,1631
429,1632
429,1633
429,1634
431,1635
431,1636
436,1637
436,1638
434,1639
434,1640
429,1641
429,1642
431,1643
431,1644
429,1645
429,1646
431,1647
431,1648
433,1649
433,1650
431,1651
431,1652
436,1653
436,1654
432,1655
432,1656
425,1657
425,1658
429,1659
429,1660
437,1661
437,1662
433,1663
433,1664
428,1665
428,1666
430,1667
430,1668
429,1669
429,1670
427,1671
427,1672
431,1673
431,1674
431,1675
431,1676
429,1677
429,1678
431,1679
431,1680
430,1681
430,1682
432,1683
432,1684
429,1685
429,1686
425,1687
425,1688
427,1689
427,1690
429,1691
429,1692
430,1693
430,1694
426,1695
426,1696
428,1697
428,1698
427,1699
427,1700
424,1701
424,1702
426,1703
426,1704
428,1705
428,1706
425,1707
425,1708
428,1709
428,1710
431,1711
431,1712
427,1713
427,1714
422,1715
422,1716
426,1717
426,1718
429,1719
429,1720
426,1721
426,1722
427,1723
427,1724
430,1725
430,1726
428,1727
428,1728
424,1729
424,1730
425,1731
425,1732
424,1733
424,1734
429,1735
429,1736
429,1737
429,1738
423,1739
423,1740
426,1741
426,1742
429,1743
429,1744
427,1745
427,1746
420,1747
420,1748
425,1749
425,1750
428,1751
428,1752
418,1753
418,1754
420,1755
420,1756
430,1757
430,1758
425,1759
425,1760
422,1761
422,1762
423,1763
423,1764
428,1765
428,1766
425,1767
425,1768
421,1769
421,1770
423,1771
423,1772
425,1773
425,1774
424,1775
424,1776
422,1777
422,1778
428,1779
428,1780
427,1781
427,1782
419,1783
419,1784
417,1785
417,1786
426,1787
426,1788
426,1789
426,1790
417,1791
417,1792
424,1793
424,1794
423,1795
423,1796
418,1797
418,1798
421,1799
421,1800
424,1801
424,1802
422,1803
422,1804
417,1805
417,1806
420,1807
420,1808
425,1809
425,1810
428,1811
428,1812
428,1813
428,1814
421,1815
421,1816
419,1817
419,1818
419,1819
419,1820
422,1821
422,1822
425,1823
425,1824
426,1825
426,1826
420,1827
420,1828
416,1829
416,1830
424,1831
424,1832
425,1833
425,1834
419,1835
419,1836
418,1837
418,1838
424,1839
424,1840
422,1841
422,1842
418,1843
418,1844
425,1845
425,1846
422,1847
422,1848
417,1849
417,1850
419,1851
419,1852
424,1853
424,1854
419,1855
419,1856
419,1857
419,1858
422,1859
422,1860
426,1861
426,1862
419,1863
419,1864
418,1865
418,1866
423,1867
423,1868
426,1869
426,1870
418,1871
418,1872
418,1873
418,1874
419,1875
419,1876
418,1877
418,1878
417,1879
417,1880
422,1881
422,1882
422,1883
422,1884
421,1885
421,1886
423,1887
423,1888
419,1889
419,1890
421,1891
421,1892
418,1893
418,1894
420,1895
420,1896
421,1897
421,1898
422,1899
422,1900
416,1901
416,1902
416,1903
416,1904
419,1905
419,1906
421,1907
421,1908
413,1909
413,1910
414,1911
414,1912
417,1913
417,1914
415,1915
415,1916
418,1917
418,1918
419,1919
419,1920
419,1921
419,1922
417,1923
417,1924
414,1925
414,1926
419,1927
419,1928
417,1929
417,1930
419,1931
419,1932
417,1933
417,1934
410,1935
410,1936
413,1937
413,1938
415,1939
415,1940
420,1941
420,1942
414,1943
414,1944
409,1945
409,1946
414,1947
414,1948
417,1949
417,1950
417,1951
417,1952
417,1953
417,1954
417,1955
417,1956
416,1957
416,1958
413,1959
413,1960
414,1961
414,1962
416,1963
416,1964
416,1965
416,1966
413,1967
413,1968
416,1969
416,1970
421,1971
421,1972
418,1973
418,1974
414,1975
414,1976
417,1977
417,1978
417,1979
417,1980
415,1981
415,1982
413,1983
413,1984
414,1985
414,1986
417,1987
417,1988
411,1989
411,1990
413,1991
413,1992
418,1993
418,1994
409,1995
409,1996
411,1997
411,1998
414,1999
414,2000
416,2001
416,2002
413,2003
413,2004
412,2005
412,2006
415,2007
415,2008
412,2009
412,2010
411,2011
411,2012
412,2013
412,2014
415,2015
415,2016
411,2017
411,2018
412,2019
412,2020
416,2021
416,2022
414,2023
414,2024
411,2025
411,2026
411,2027
411,2028
411,2029
411,2030
412,2031
412,2032
414,2033
414,2034
417,2035
417,2036
411,2037
411,2038
407,2039
407,2040
413,2041
413,2042
412,2043
412,2044
411,2045
411,2046
411,2047
411,2048
413,2049
413,2050
413,2051
413,2052
408,2053
408,2054
410,2055
410,2056
411,2057
411,2058
410,2059
410,2060
412,2061
412,2062
407,2063
407,2064
408,2065
408,2066
414,2067
414,2068
411,2069
411,2070
406,2071
406,2072
410,2073
410,2074
417,2075
417,2076
409,2077
409,2078
405,2079
405,2080
409,2081
409,2082
408,2083
408,2084
406,2085
406,2086
409,2087
409,2088
411,2089
411,2090
411,2091
411,2092
405,2093
405,2094
407,2095
407,2096
408,2097
408,2098
410,2099
410,2100
409,2101
409,2102
409,2103
409,2104
406,2105
406,2106
406,2107
406,2108
410,2109
410,2110
408,2111
408,2112
408,2113
408,2114
412,2115
412,2116
409,2117
409,2118
405,2119
405,2120
405,2121
405,2122
409,2123
409,2124
410,2125
410,2126
404,2127
404,2128
402,2129
402,2130
407,2131
407,2132
410,2133
410,2134
408,2135
408,2136
405,2137
405,2138
409,2139
409,2140
407,2141
407,2142
405,2143
405,2144
404,2145
404,2146
406,2147
406,2148
409,2149
409,2150
405,2151
405,2152
403,2153
403,2154
406,2155
406,2156
405,2157
405,2158
407,2159
407,2160
406,2161
406,2162
406,2163
406,2164
408,2165
408,2166
406,2167
406,2168
406,2169
406,2170
404,2171
404,2172
404,2173
404,2174
403,2175
403,2176
407,2177
407,2178
410,2179
410,2180
403,2181
403,2182
399,2183
399,2184
402,2185
402,2186
404,2187
404,2188
402,2189
402,2190
402,2191
402,2192
407,2193
407,2194
407,2195
407,2196
399,2197
399,2198
404,2199
404,2200
406,2201
406,2202
401,2203
401,2204
397,2205
397,2206
403,2207
403,2208
410,2209
410,2210
406,2211
406,2212
398,2213
398,2214
406,2215
406,2216
410,2217
410,2218
403,2219
403,2220
397,2221
397,2222
403,2223
403,2224
405,2225
405,2226
401,2227
401,2228
401,2229
401,2230
408,2231
408,2232
402,2233
402,2234
398,2235
398,2236
403,2237
403,2238
406,2239
406,2240
403,2241
403,2242
401,2243
401,2244
405,2245
405,2246
405,2247
405,2248
398,2249
398,2250
399,2251
399,2252
406,2253
406,2254
402,2255
402,2256
401,2257
401,2258
403,2259
403,2260
402,2261
402,2262
399,2263
399,2264
399,2265
399,2266
402,2267
402,2268
396,2269
396,2270
396,2271
396,2272
402,2273
402,2274
404,2275
404,2276
395,2277
395,2278
398,2279
398,2280
402,2281
402,2282
401,2283
401,2284
400,2285
400,2286
401,2287
401,2288
400,2289
400,2290
399,2291
399,2292
395,2293
395,2294
395,2295
395,2296
405,2297
405,2298
402,2299
402,2300
395,2301
395,2302
395,2303
395,2304
400,2305
400,2306
399,2307
399,2308
398,2309
398,2310
404,2311
404,2312
403,2313
403,2314
394,2315
394,2316
397,2317
397,2318
400,2319
400,2320
395,2321
395,2322
394,2323
394,2324
399,2325
399,2326
400,2327
400,2328
396,2329
396,2330
399,2331
399,2332
397,2333
397,2334
395,2335
395,2336
395,2337
395,2338
402,2339
402,2340
399,2341
399,2342
395,2343
395,2344
398,2345
398,2346
400,2347
400,2348
394,2349
394,2350
397,2351
397,2352
403,2353
403,2354
398,2355
398,2356
394,2357
394,2358
398,2359
398,2360
398,2361
398,2362
395,2363
395,2364
394,2365
394,2366
401,2367
401,2368
394,2369
394,2370
392,2371
392,2372
396,2373
396,2374
399,2375
399,2376
395,2377
395,2378
391,2379
391,2380
396,2381
396,2382
398,2383
398,2384
398,2385
398,2386
394,2387
394,2388
396,2389
396,2390
401,2391
401,2392
396,2393
396,2394
392,2395
392,2396
396,2397
396,2398
401,2399
401,2400
394,2401
394,2402
393,2403
393,2404
395,2405
395,2406
397,2407
397,2408
395,2409
395,2410
398,2411
398,2412
394,2413
394,2414
390,2415
390,2416
392,2417
392,2418
398,2419
398,2420
398,2421
398,2422
389,2423
389,2424
391,2425
391,2426
399,2427
399,2428
398,2429
398,2430
391,2431
391,2432
391,2433
391,2434
399,2435
399,2436
393,2437
393,2438
387,2439
387,2440
390,2441
390,2442
398,2443
398,2444
391,2445
391,2446
386,2447
386,2448
393,2449
393,2450
399,2451
399,2452
392,2453
392,2454
391,2455
391,2456
393,2457
393,2458
398,2459
398,2460
386,2461
386,2462
386,2463
386,2464
397,2465
397,2466
396,2467
396,2468
388,2469
388,2470
393,2471
393,2472
395,2473
395,2474
393,2475
393,2476
385,2477
385,2478
391,2479
391,2480
398,2481
398,2482
391,2483
391,2484
385,2485
385,2486
386,2487
386,2488
392,2489
392,2490
391,2491
391,2492
391,2493
391,2494
392,2495
392,2496
394,2497
394,2498
392,2499
392,2500
389,2501
389,2502
391,2503
391,2504
390,2505
390,2506
387,2507
387,2508
388,2509
388,2510
391,2511
391,2512
389,2513
389,2514
389,2515
389,2516
392,2517
392,2518
391,2519
391,2520
387,2521
387,2522
390,2523
390,2524
393,2525
393,2526
389,2527
389,2528
383,2529
383,2530
387,2531
387,2532
394,2533
394,2534
388,2535
388,2536
389,2537
389,2538
393,2539
393,2540
389,2541
389,2542
387,2543
387,2544
394,2545
394,2546
393,2547
393,2548
386,2549
386,2550
382,2551
382,2552
388,2553
388,2554
392,2555
392,2556
385,2557
385,2558
387,2559
387,2560
391,2561
391,2562
391,2563
391,2564
383,2565
383,2566
388,2567
388,2568
390,2569
390,2570
388,2571
388,2572
383,2573
383,2574
390,2575
390,2576
393,2577
393,2578
386,2579
386,2580
386,2581
386,2582
390,2583
390,2584
389,2585
389,2586
380,2587
380,2588
385,2589
385,2590
389,2591
389,2592
385,2593
385,2594
383,2595
383,2596
389,2597
389,2598
386,2599
386,2600
381,2601
381,2602
383,2603
383,2604
389,2605
389,2606
387,2607
387,2608
384,2609
384,2610
388,2611
388,2612
389,2613
389,2614
383,2615
383,2616
382,2617
382,2618
390,2619
390,2620
390,2621
390,2622
381,2623
381,2624
384,2625
384,2626
393,2627
393,2628
386,2629
386,2630
381,2631
381,2632
388,2633
388,2634
389,2635
389,2636
382,2637
382,2638
382,2639
382,2640
383,2641
383,2642
390,2643
390,2644
387,2645
387,2646
376,2647
376,2648
384,2649
384,2650
387,2651
387,2652
386,2653
386,2654
380,2655
380,2656
379,2657
379,2658
386,2659
386,2660
386,2661
386,2662
384,2663
384,2664
379,2665
379,2666
382,2667
382,2668
388,2669
388,2670
393,2671
393,2672
386,2673
386,2674
379,2675
379,2676
385,2677
385,2678
386,2679
386,2680
382,2681
382,2682
378,2683
378,2684
385,2685
385,2686
386,2687
386,2688
379,2689
379,2690
381,2691
381,2692
384,2693
384,2694
381,2695
381,2696
376,2697
376,2698
381,2699
381,2700
383,2701
383,2702
385,2703
385,2704
381,2705
381,2706
379,2707
379,2708
381,2709
381,2710
380,2711
380,2712
383,2713
383,2714
385,2715
385,2716
382,2717
382,2718
382,2719
382,2720
382,2721
382,2722
382,2723
382,2724
381,2725
381,2726
380,2727
380,2728
379,2729
379,2730
381,2731
381,2732
381,2733
381,2734
383,2735
383,2736
381,2737
381,2738
379,2739
379,2740
380,2741
380,2742
381,2743
381,2744
382,2745
382,2746
383,2747
383,2748
378,2749
378,2750
375,2751
375,2752
379,2753
379,2754
385,2755
385,2756
382,2757
382,2758
376,2759
376,2760
378,2761
378,2762
379,2763
379,2764
381,2765
381,2766
381,2767
381,2768
378,2769
378,2770
379,2771
379,2772
379,2773
379,2774
378,2775
378,2776
381,2777
381,2778
375,2779
375,2780
377,2781
377,2782
377,2783
377,2784
374,2785
374,2786
373,2787
373,2788
380,2789
380,2790
375,2791
375,2792
373,2793
373,2794
381,2795
381,2796
380,2797
380,2798
377,2799
377,2800
377,2801
377,2802
376,2803
376,2804
383,2805
383,2806
380,2807
380,2808
373,2809
373,2810
375,2811
375,2812
383,2813
383,2814
380,2815
380,2816
372,2817
372,2818
376,2819
376,2820
380,2821
380,2822
377,2823
377,2824
380,2825
380,2826
378,2827
378,2828
373,2829
373,2830
376,2831
376,2832
379,2833
379,2834
374,2835
374,2836
374,2837
374,2838
373,2839
373,2840
374,2841
374,2842
379,2843
379,2844
382,2845
382,2846
376,2847
376,2848
376,2849
376,2850
379,2851
379,2852
377,2853
377,2854
374,2855
374,2856
376,2857
376,2858
378,2859
378,2860
383,2861
383,2862
377,2863
377,2864
373,2865
373,2866
376,2867
376,2868
378,2869
378,2870
374,2871
374,2872
374,2873
374,2874
376,2875
376,2876
376,2877
376,2878
377,2879
377,2880
372,2881
372,2882
371,2883
371,2884
375,2885
375,2886
378,2887
378,2888
377,2889
377,2890
370,2891
370,2892
371,2893
371,2894
371,2895
371,2896
377,2897
377,2898
378,2899
378,2900
376,2901
376,2902
372,2903
372,2904
373,2905
373,2906
373,2907
373,2908
371,2909
371,2910
378,2911
378,2912
377,2913
377,2914
371,2915
371,2916
369,2917
369,2918
373,2919
373,2920
377,2921
377,2922
373,2923
373,2924
369,2925
369,2926
372,2927
372,2928
380,2929
380,2930
377,2931
377,2932
368,2933
368,2934
375,2935
375,2936
376,2937
376,2938
372,2939
372,2940
369,2941
369,2942
371,2943
371,2944
372,2945
372,2946
371,2947
371,2948
373,2949
373,2950
375,2951
375,2952
370,2953
370,2954
371,2955
371,2956
375,2957
375,2958
376,2959
376,2960
371,2961
371,2962
371,2963
371,2964
372,2965
372,2966
377,2967
377,2968
373,2969
373,2970
371,2971
371,2972
374,2973
374,2974
374,2975
374,2976
367,2977
367,2978
366,2979
366,2980
372,2981
372,2982
374,2983
374,2984
370,2985
370,2986
366,2987
366,2988
370,2989
370,2990
371,2991
371,2992
368,2993
368,2994
365,2995
365,2996
372,2997
372,2998
371,2999
371,3000
369,3001
369,3002
368,3003
368,3004
372,3005
372,3006
375,3007
375,3008
372,3009
372,3010
366,3011
366,3012
366,3013
366,3014
373,3015
373,3016
374,3017
374,3018
366,3019
366,3020
366,3021
366,3022
370,3023
370,3024
369,3025
369,3026
370,3027
370,3028
372,3029
372,3030
372,3031
372,3032
367,3033
367,3034
367,3035
367,3036
373,3037
373,3038
375,3039
375,3040
369,3041
369,3042
368,3043
368,3044
366,3045
366,3046
364,3047
364,3048
367,3049
367,3050
372,3051
372,3052
370,3053
370,3054
369,3055
369,3056
368,3057
368,3058
363,3059
363,3060
366,3061
366,3062
370,3063
370,3064
368,3065
368,3066
366,3067
366,3068
366,3069
366,3070
369,3071
369,3072
365,3073
365,3074
364,3075
364,3076
370,3077
370,3078
370,3079
370,3080
364,3081
364,3082
368,3083
368,3084
369,3085
369,3086
368,3087
368,3088
366,3089
366,3090
371,3091
371,3092
366,3093
366,3094
364,3095
364,3096
365,3097
365,3098
368,3099
368,3100
368,3101
368,3102
364,3103
364,3104
365,3105
365,3106
363,3107
363,3108
367,3109
367,3110
368,3111
368,3112
366,3113
366,3114
364,3115
364,3116
366,3117
366,3118
367,3119
367,3120
369,3121
369,3122
363,3123
363,3124
365,3125
365,3126
372,3127
372,3128
369,3129
369,3130
363,3131
363,3132
365,3133
365,3134
367,3135
367,3136
367,3137
367,3138
360,3139
360,3140
366,3141
366,3142
367,3143
367,3144
363,3145
363,3146
367,3147
367,3148
365,3149
365,3150
362,3151
362,3152
362,3153
362,3154
361,3155
361,3156
367,3157
367,3158
362,3159
362,3160
359,3161
359,3162
367,3163
367,3164
368,3165
368,3166
356,3167
356,3168
359,3169
359,3170
373,3171
373,3172
371,3173
371,3174
359,3175
359,3176
359,3177
359,3178
367,3179
367,3180
366,3181
366,3182
363,3183
363,3184
362,3185
362,3186
364,3187
364,3188
363,3189
363,3190
360,3191
360,3192
360,3193
360,3194
362,3195
362,3196
359,3197
359,3198
361,3199
361,3200
366,3201
366,3202
360,3203
360,3204
362,3205
362,3206
365,3207
365,3208
362,3209
362,3210
357,3211
357,3212
360,3213
360,3214
361,3215
361,3216
364,3217
364,3218
369,3219
369,3220
365,3221
365,3222
356,3223
356,3224
362,3225
362,3226
368,3227
368,3228
361,3229
361,3230
361,3231
361,3232
359,3233
359,3234
366,3235
366,3236
364,3237
364,3238
364,3239
364,3240
359,3241
359,3242
360,3243
360,3244
361,3245
361,3246
358,3247
358,3248
360,3249
360,3250
362,3251
362,3252
363,3253
363,3254
364,3255
364,3256
359,3257
359,3258
359,3259
359,3260
364,3261
364,3262
363,3263
363,3264
362,3265
362,3266
363,3267
363,3268
358,3269
358,3270
361,3271
361,3272
361,3273
361,3274
360,3275
360,3276
357,3277
357,3278
358,3279
358,3280
363,3281
363,3282
362,3283
362,3284
354,3285
354,3286
357,3287
357,3288
362,3289
362,3290
363,3291
363,3292
353,3293
353,3294
358,3295
358,3296
363,3297
363,3298
356,3299
356,3300
356,3301
356,3302
362,3303
362,3304
358,3305
358,3306
355,3307
355,3308
355,3309
355,3310
360,3311
360,3312
357,3313
357,3314
358,3315
358,3316
360,3317
360,3318
361,3319
361,3320
360,3321
360,3322
354,3323
354,3324
357,3325
357,3326
359,3327
359,3328
358,3329
358,3330
354,3331
354,3332
357,3333
357,3334
359,3335
359,3336
360,3337
360,3338
353,3339
353,3340
357,3341
357,3342
359,3343
359,3344
357,3345
357,3346
356,3347
356,3348
358,3349
358,3350
357,3351
357,3352
356,3353
356,3354
358,3355
358,3356
359,3357
359,3358
356,3359
356,3360
355,3361
355,3362
358,3363
358,3364
359,3365
359,3366
355,3367
355,3368
357,3369
357,3370
357,3371
357,3372
355,3373
355,3374
357,3375
357,3376
360,3377
360,3378
353,3379
353,3380
351,3381
351,3382
356,3383
356,3384
362,3385
362,3386
361,3387
361,3388
357,3389
357,3390
352,3391
352,3392
354,3393
354,3394
356,3395
356,3396
356,3397
356,3398
356,3399
356,3400
355,3401
355,3402
354,3403
354,3404
358,3405
358,3406
354,3407
354,3408
348,3409
348,3410
359,3411
359,3412
359,3413
359,3414
348,3415
348,3416
351,3417
351,3418
360,3419
360,3420
355,3421
355,3422
350,3423
350,3424
361,3425
361,3426
353,3427
353,3428
348,3429
348,3430
354,3431
354,3432
361,3433
361,3434
352,3435
352,3436
349,3437
349,3438
354,3439
354,3440
359,3441
359,3442
353,3443
353,3444
353,3445
353,3446
358,3447
358,3448
351,3449
351,3450
350,3451
350,3452
357,3453
357,3454
360,3455
360,3456
353,3457
353,3458
351,3459
351,3460
354,3461
354,3462
352,3463
352,3464
350,3465
350,3466
351,3467
351,3468
354,3469
354,3470
352,3471
352,3472
358,3473
358,3474
355,3475
355,3476
354,3477
354,3478
350,3479
350,3480
352,3481
352,3482
355,3483
355,3484
353,3485
353,3486
350,3487
350,3488
351,3489
351,3490
354,3491
354,3492
352,3493
352,3494
350,3495
350,3496
350,3497
350,3498
353,3499
353,3500
353,3501
353,3502
350,3503
350,3504
349,3505
349,3506
351,3507
351,3508
353,3509
353,3510
351,3511
351,3512
350,3513
350,3514
346,3515
346,3516
354,3517
354,3518
354,3519
354,3520
349,3521
349,3522
350,3523
350,3524
356,3525
356,3526
354,3527
354,3528
352,3529
352,3530
346,3531
346,3532
348,3533
348,3534
352,3535
352,3536
346,3537
346,3538
346,3539
346,3540
349,3541
349,3542
346,3543
346,3544
351,3545
351,3546
353,3547
353,3548
353,3549
353,3550
351,3551
351,3552
349,3553
349,3554
349,3555
349,3556
348,3557
348,3558
347,3559
347,3560
348,3561
348,3562
351,3563
351,3564
350,3565
350,3566
345,3567
345,3568
348,3569
348,3570
356,3571
356,3572
353,3573
353,3574
350,3575
350,3576
352,3577
352,3578
354,3579
354,3580
351,3581
351,3582
345,3583
345,3584
351,3585
351,3586
352,3587
352,3588
347,3589
347,3590
345,3591
345,3592
345,3593
345,3594
350,3595
350,3596
349,3597
349,3598
345,3599
345,3600
346,3601
346,3602
350,3603
350,3604
348,3605
348,3606
347,3607
347,3608
351,3609
351,3610
344,3611
344,3612
347,3613
347,3614
348,3615
348,3616
350,3617
350,3618
345,3619
345,3620
347,3621
347,3622
353,3623
353,3624
349,3625
349,3626
346,3627
346,3628
350,3629
350,3630
348,3631
348,3632
344,3633
344,3634
344,3635
344,3636
350,3637
350,3638
346,3639
346,3640
342,3641
342,3642
351,3643
351,3644
351,3645
351,3646
341,3647
341,3648
342,3649
342,3650
355,3651
355,3652
344,3653
344,3654
338,3655
338,3656
351,3657
351,3658
351,3659
351,3660
344,3661
344,3662
343,3663
343,3664
345,3665
345,3666
348,3667
348,3668
344,3669
344,3670
342,3671
342,3672
342,3673
342,3674
348,3675
348,3676
351,3677
351,3678
343,3679
343,3680
343,3681
343,3682
348,3683
348,3684
347,3685
347,3686
347,3687
347,3688
349,3689
349,3690
344,3691
344,3692
344,3693
344,3694
352,3695
352,3696
350,3697
350,3698
340,3699
340,3700
341,3701
341,3702
350,3703
350,3704
345,3705
345,3706
340,3707
340,3708
340,3709
340,3710
344,3711
344,3712
341,3713
341,3714
345,3715
345,3716
348,3717
348,3718
344,3719
344,3720
338,3721
338,3722
346,3723
346,3724
349,3725
349,3726
345,3727
345,3728
342,3729
342,3730
345,3731
345,3732
346,3733
346,3734
342,3735
342,3736
342,3737
342,3738
348,3739
348,3740
341,3741
341,3742
344,3743
344,3744
347,3745
347,3746
343,3747
343,3748
343,3749
343,3750
347,3751
347,3752
346,3753
346,3754
343,3755
343,3756
339,3757
339,3758
341,3759
341,3760
344,3761
344,3762
344,3763
344,3764
344,3765
344,3766
343,3767
343,3768
346,3769
346,3770
345,3771
345,3772
336,3773
336,3774
338,3775
338,3776
346,3777
346,3778
344,3779
344,3780
342,3781
342,3782
343,3783
343,3784
339,3785
339,3786
341,3787
341,3788
342,3789
342,3790
343,3791
343,3792
345,3793
345,3794
341,3795
341,3796
342,3797
342,3798
344,3799
344,3800
342,3801
342,3802
341,3803
341,3804
342,3805
342,3806
347,3807
347,3808
343,3809
343,3810
338,3811
338,3812
339,3813
339,3814
342,3815
342,3816
348,3817
348,3818
341,3819
341,3820
339,3821
339,3822
340,3823
340,3824
342,3825
342,3826
340,3827
340,3828
343,3829
343,3830
340,3831
340,3832
337,3833
337,3834
339,3835
339,3836
341,3837
341,3838
341,3839
341,3840
335,3841
335,3842
342,3843
342,3844
345,3845
345,3846
340,3847
340,3848
337,3849
337,3850
340,3851
340,3852
344,3853
344,3854
337,3855
337,3856
334,3857
334,3858
344,3859
344,3860
346,3861
346,3862
337,3863
337,3864
338,3865
338,3866
343,3867
343,3868
338,3869
338,3870
332,3871
332,3872
343,3873
343,3874
345,3875
345,3876
335,3877
335,3878
334,3879
334,3880
341,3881
341,3882
339,3883
339,3884
336,3885
336,3886
340,3887
340,3888
343,3889
343,3890
341,3891
341,3892
338,3893
338,3894
340,3895
340,3896
339,3897
339,3898
338,3899
338,3900
338,3901
338,3902
338,3903
338,3904
337,3905
337,3906
337,3907
337,3908
338,3909
338,3910
337,3911
337,3912
335,3913
335,3914
338,3915
338,3916
343,3917
343,3918
340,3919
340,3920
339,3921
339,3922
337,3923
337,3924
334,3925
334,3926
334,3927
334,3928
340,3929
340,3930
343,3931
343,3932
338,3933
338,3934
337,3935
337,3936
336,3937
336,3938
336,3939
336,3940
337,3941
337,3942
336,3943
336,3944
335,3945
335,3946
336,3947
336,3948
338,3949
338,3950
334,3951
334,3952
335,3953
335,3954
336,3955
336,3956
338,3957
338,3958
340,3959
340,3960
340,3961
340,3962
335,3963
335,3964
332,3965
332,3966
337,3967
337,3968
339,3969
339,3970
337,3971
337,3972
333,3973
333,3974
336,3975
336,3976
338,3977
338,3978
333,3979
333,3980
332,3981
332,3982
335,3983
335,3984
338,3985
338,3986
337,3987
337,3988
335,3989
335,3990
335,3991
335,3992
337,3993
337,3994
333,3995
333,3996
334,3997
334,3998
338,3999
338,4000
336,4001
336,4002
331,4003
331,4004
331,4005
331,4006
335,4007
335,4008
336,4009
336,4010
332,4011
332,4012
331,4013
331,4014
338,4015
338,4016
337,4017
337,4018
330,4019
330,4020
333,4021
333,4022
338,4023
338,4024
335,4025
335,4026
329,4027
329,4028
330,4029
330,4030
339,4031
339,4032
341,4033
341,4034
334,4035
334,4036
328,4037
328,4038
335,4039
335,4040
339,4041
339,4042
331,4043
331,4044
331,4045
331,4046
334,4047
334,4048
337,4049
337,4050
334,4051
334,4052
328,4053
328,4054
330,4055
330,4056
334,4057
334,4058
332,4059
332,4060
329,4061
329,4062
331,4063
331,4064
340,4065
340,4066
335,4067
335,4068
328,4069
328,4070
333,4071
333,4072
336,4073
336,4074
330,4075
330,4076
331,4077
331,4078
340,4079
340,4080
336,4081
336,4082
331,4083
331,4084
329,4085
329,4086
332,4087
332,4088
330,4089
330,4090
331,4091
331,4092
333,4093
333,4094
333,4095
333,4096
332,4097
332,4098
331,4099
331,4100
337,4101
337,4102
334,4103
334,4104
329,4105
329,4106
333,4107
333,4108
335,4109
335,4110
330,4111
330,4112
329,4113
329,4114
332,4115
332,4116
328,4117
328,4118
331,4119
331,4120
335,4121
335,4122
327,4123
327,4124
327,4125
327,4126
332,4127
332,4128
332,4129
332,4130
331,4131
331,4132
328,4133
328,4134
328,4135
328,4136
332,4137
332,4138
331,4139
331,4140
330,4141
330,4142
329,4143
329,4144
331,4145
331,4146
330,4147
330,4148
328,4149
328,4150
328,4151
328,4152
330,4153
330,4154
331,4155
331,4156
328,4157
328,4158
325,4159
325,4160
333,4161
333,4162
333,4163
333,4164
328,4165
328,4166
322,4167
322,4168
329,4169
329,4170
331,4171
331,4172
330,4173
330,4174
328,4175
328,4176
328,4177
328,4178
328,4179
328,4180
329,4181
329,4182
330,4183
330,4184
327,4185
327,4186
326,4187
326,4188
333,4189
333,4190
332,4191
332,4192
325,4193
325,4194
327,4195
327,4196
331,4197
331,4198
327,4199
327,4200
326,4201
326,4202
324,4203
324,4204
328,4205
328,4206
331,4207
331,4208
330,4209
330,4210
329,4211
329,4212
331,4213
331,4214
331,4215
331,4216
330,4217
330,4218
327,4219
327,4220
326,4221
326,4222
333,4223
333,4224
328,4225
328,4226
324,4227
324,4228
329,4229
329,4230
333,4231
333,4232
327,4233
327,4234
324,4235
324,4236
328,4237
328,4238
328,4239
328,4240
329,4241
329,4242
327,4243
327,4244
326,4245
326,4246
325,4247
325,4248
329,4249
329,4250
333,4251
333,4252
323,4253
323,4254
326,4255
326,4256
332,4257
332,4258
327,4259
327,4260
324,4261
324,4262
328,4263
328,4264
329,4265
329,4266
325,4267
325,4268
326,4269
326,4270
325,4271
325,4272
324,4273
324,4274
325,4275
325,4276
324,4277
324,4278
326,4279
326,4280
328,4281
328,4282
326,4283
326,4284
328,4285
328,4286
325,4287
325,4288
326,4289
326,4290
325,4291
325,4292
326,4293
326,4294
329,4295
329,4296
325,4297
325,4298
319,4299
319,4300
324,4301
324,4302
327,4303
327,4304
325,4305
325,4306
323,4307
323,4308
330,4309
330,4310
329,4311
329,4312
322,4313
322,4314
323,4315
323,4316
329,4317
329,4318
324,4319
324,4320
319,4321
319,4322
324,4323
324,4324
326,4325
326,4326
318,4327
318,4328
321,4329
321,4330
330,4331
330,4332
325,4333
325,4334
319,4335
319,4336
322,4337
322,4338
327,4339
327,4340
322,4341
322,4342
318,4343
318,4344
323,4345
323,4346
330,4347
330,4348
323,4349
323,4350
320,4351
320,4352
323,4353
323,4354
326,4355
326,4356
324,4357
324,4358
320,4359
320,4360
323,4361
323,4362
324,4363
324,4364
325,4365
325,4366
326,4367
326,4368
321,4369
321,4370
326,4371
326,4372
325,4373
325,4374
323,4375
323,4376
319,4377
319,4378
322,4379
322,4380
325,4381
325,4382
320,4383
320,4384
315,4385
315,4386
323,4387
323,4388
326,4389
326,4390
322,4391
322,4392
318,4393
318,4394
323,4395
323,4396
328,4397
328,4398
322,4399
322,4400
314,4401
314,4402
323,4403
323,4404
324,4405
324,4406
320,4407
320,4408
320,4409
320,4410
328,4411
328,4412
320,4413
320,4414
321,4415
321,4416
328,4417
328,4418
321,4419
321,4420
316,4421
316,4422
324,4423
324,4424
325,4425
325,4426
321,4427
321,4428
320,4429
320,4430
321,4431
321,4432
322,4433
322,4434
322,4435
322,4436
321,4437
321,4438
321,4439
321,4440
322,4441
322,4442
320,4443
320,4444
317,4445
317,4446
321,4447
321,4448
324,4449
324,4450
320,4451
320,4452
321,4453
321,4454
321,4455
321,4456
321,4457
321,4458
321,4459
321,4460
322,4461
322,4462
321,4463
321,4464
317,4465
317,4466
313,4467
313,4468
320,4469
320,4470
324,4471
324,4472
320,4473
320,4474
313,4475
313,4476
318,4477
318,4478
325,4479
325,4480
321,4481
321,4482
317,4483
317,4484
321,4485
321,4486
323,4487
323,4488
320,4489
320,4490
316,4491
316,4492
320,4493
320,4494
319,4495
319,4496
320,4497
320,4498
319,4499
319,4500
321,4501
321,4502
319,4503
319,4504
319,4505
319,4506
319,4507
319,4508
315,4509
315,4510
318,4511
318,4512
317,4513
317,4514
317,4515
317,4516
315,4517
315,4518
316,4519
316,4520
318,4521
318,4522
320,4523
320,4524
317,4525
317,4526
314,4527
314,4528
316,4529
316,4530
320,4531
320,4532
314,4533
314,4534
315,4535
315,4536
319,4537
319,4538
319,4539
319,4540
319,4541
319,4542
317,4543
317,4544
317,4545
317,4546
316,4547
316,4548
318,4549
318,4550
321,4551
321,4552
317,4553
317,4554
312,4555
312,4556
320,4557
320,4558
324,4559
324,4560
315,4561
315,4562
313,4563
313,4564
322,4565
322,4566
321,4567
321,4568
311,4569
311,4570
316,4571
316,4572
321,4573
321,4574
318,4575
318,4576
311,4577
311,4578
317,4579
317,4580
319,4581
319,4582
316,4583
316,4584
313,4585
313,4586
315,4587
315,4588
319,4589
319,4590
311,4591
311,4592
313,4593
313,4594
317,4595
317,4596
316,4597
316,4598
313,4599
313,4600
316,4601
316,4602
317,4603
317,4604
315,4605
315,4606
316,4607
316,4608
317,4609
317,4610
314,4611
314,4612
309,4613
309,4614
313,4615
313,4616
317,4617
317,4618
317,4619
317,4620
314,4621
314,4622
315,4623
315,4624
317,4625
317,4626
316,4627
316,4628
312,4629
312,4630
311,4631
311,4632
313,4633
313,4634
314,4635
314,4636
318,4637
318,4638
318,4639
318,4640
317,4641
317,4642
314,4643
314,4644
311,4645
311,4646
316,4647
316,4648
316,4649
316,4650
311,4651
311,4652
311,4653
311,4654
315,4655
315,4656
315,4657
315,4658
312,4659
312,4660
311,4661
311,4662
317,4663
317,4664
318,4665
318,4666
310,4667
310,4668
315,4669
315,4670
319,4671
319,4672
316,4673
316,4674
316,4675
316,4676
316,4677
316,4678
317,4679
317,4680
312,4681
312,4682
310,4683
310,4684
312,4685
312,4686
314,4687
314,4688
313,4689
313,4690
310,4691
310,4692
309,4693
309,4694
314,4695
314,4696
312,4697
312,4698
311,4699
311,4700
314,4701
314,4702
314,4703
314,4704
309,4705
309,4706
313,4707
313,4708
319,4709
319,4710
314,4711
314,4712
308,4713
308,4714
313,4715
313,4716
314,4717
314,4718
314,4719
314,4720
314,4721
314,4722
315,4723
315,4724
314,4725
314,4726
312,4727
312,4728
317,4729
317,4730
315,4731
315,4732
308,4733
308,4734
308,4735
308,4736
315,4737
315,4738
315,4739
315,4740
310,4741
310,4742
312,4743
312,4744
312,4745
312,4746
313,4747
313,4748
308,4749
308,4750
308,4751
308,4752
314,4753
314,4754
311,4755
311,4756
310,4757
310,4758
315,4759
315,4760
314,4761
314,4762
308,4763
308,4764
309,4765
309,4766
313,4767
313,4768
311,4769
311,4770
307,4771
307,4772
310,4773
310,4774
315,4775
315,4776
309,4777
309,4778
307,4779
307,4780
312,4781
312,4782
311,4783
311,4784
307,4785
307,4786
309,4787
309,4788
309,4789
309,4790
314,4791
314,4792
312,4793
312,4794
309,4795
309,4796
312,4797
312,4798
317,4799
317,4800
314,4801
314,4802
310,4803
310,4804
310,4805
310,4806
311,4807
311,4808
311,4809
311,4810
313,4811
313,4812
312,4813
312,4814
311,4815
311,4816
311,4817
311,4818
310,4819
310,4820
308,4821
308,4822
309,4823
309,4824
311,4825
311,4826
307,4827
307,4828
306,4829
306,4830
306,4831
306,4832
309,4833
309,4834
304,4835
304,4836
303,4837
303,4838
313,4839
313,4840
312,4841
312,4842
306,4843
306,4844
304,4845
304,4846
308,4847
308,4848
312,4849
312,4850
309,4851
309,4852
308,4853
308,4854
307,4855
307,4856
309,4857
309,4858
311,4859
311,4860
306,4861
306,4862
308,4863
308,4864
307,4865
307,4866
309,4867
309,4868
313,4869
313,4870
306,4871
306,4872
306,4873
306,4874
311,4875
311,4876
306,4877
306,4878
304,4879
304,4880
309,4881
309,4882
311,4883
311,4884
310,4885
310,4886
304,4887
304,4888
305,4889
305,4890
311,4891
311,4892
310,4893
310,4894
302,4895
302,4896
307,4897
307,4898
313,4899
313,4900
309,4901
309,4902
305,4903
305,4904
309,4905
309,4906
309,4907
309,4908
305,4909
305,4910
302,4911
302,4912
307,4913
307,4914
307,4915
307,4916
307,4917
307,4918
307,4919
307,4920
302,4921
302,4922
302,4923
302,4924
308,4925
308,4926
308,4927
308,4928
302,4929
302,4930
302,4931
302,4932
306,4933
306,4934
308,4935
308,4936
306,4937
306,4938
303,4939
303,4940
306,4941
306,4942
309,4943
309,4944
307,4945
307,4946
300,4947
300,4948
298,4949
298,4950
308,4951
308,4952
310,4953
310,4954
303,4955
303,4956
304,4957
304,4958
310,4959
310,4960
304,4961
304,4962
302,4963
302,4964
306,4965
306,4966
306,4967
306,4968
302,4969
302,4970
305,4971
305,4972
308,4973
308,4974
301,4975
301,4976
302,4977
302,4978
305,4979
305,4980
306,4981
306,4982
308,4983
308,4984
306,4985
306,4986
303,4987
303,4988
303,4989
303,4990
303,4991
303,4992
304,4993
304,4994
306,4995
306,4996
307,4997
307,4998
307,4999
307,5000
